area,prefecture
Nagoya,Aichi
Toyohashi,Aichi
Okazaki,Aichi
Ichinomiya,Aichi
Seto,Aichi
Handa,Aichi
Kasugai,Aichi
Toyokawa,Aichi
Tsushima,Aichi
Hekinan,Aichi
Kariya,Aichi
Toyota,Aichi
Anjo,Aichi
Nishio,Aichi
Gamagori,Aichi
Inuyama,Aichi
Tokoname,Aichi
Konan,Aichi
Komaki,Aichi
Inazawa,Aichi
Tokai,Aichi
Obu,Aichi
Chita,Aichi
Chiryu,Aichi
Owariasahi,Aichi
Takahama,Aichi
Iwakura,Aichi
Toyoake,Aichi
Nisshin,Aichi
Tahara,Aichi
Aisai,Aichi
Kiyosu,Aichi
Shinshiro,Aichi
Kitanagoya,Aichi
Yatomi,Aichi
Miyoshi,Aichi
Ama,Aichi
Nagakute,Aichi
Akita,Akita
Odate,Akita
Kazuno,Akita
Daisen,Akita
Katagami,Akita
Kitaakita,Akita
Oga,Akita
Yurihonjo,Akita
Yuzawa,Akita
Semboku,Akita
Yokote,Akita
Nikaho,Akita
Noshiro,Akita
Hachinohe,Aomori
Kuroishi,Aomori
Misawa,Aomori
Mutsu,Aomori
Towada,Aomori
Tsugaru,Aomori
Goshogawara,Aomori
Aomori,Aomori
Hirakawa,Aomori
Hirosaki,Aomori
Chiba,Chiba
Choshi,Chiba
Ichikawa,Chiba
Funabashi,Chiba
Tateyama,Chiba
Kisarazu,Chiba
Matsudo,Chiba
Noda,Chiba
Mobara,Chiba
Narita,Chiba
Sakura,Chiba
Togane,Chiba
Narashino,Chiba
Kashiwa,Chiba
Katsuura,Chiba
Ichihara,Chiba
Nagareyama,Chiba
Yachiyo,Chiba
Abiko,Chiba
Kamagaya,Chiba
Kimitsu,Chiba
Futtsu,Chiba
Urayasu,Chiba
Yotsukaido,Chiba
Sodegaura,Chiba
Yachimata,Chiba
Inzai,Chiba
Shiroi,Chiba
Tomisato,Chiba
Kamogawa,Chiba
Asahi,Chiba
Isumi,Chiba
Sosa,Chiba
Minamiboso,Chiba
Katori,Chiba
Sanmu,Chiba
Oamishirasato,Chiba
Matsuyama,Ehime
Niihama,Ehime
Shikokuchuo,Ehime
Seiyo,Ehime
Toon,Ehime
Saijo,Ehime
Ozu,Ehime
Imabari,Ehime
Yawatahama,Ehime
Iyo,Ehime
Uwajima,Ehime
Fukui,Fukui
Tsuruga,Fukui
Obama,Fukui
Ono,Fukui
Katsuyama,Fukui
Sabae,Fukui
Awara,Fukui
Echizen,Fukui
Sakai,Fukui
Fukuoka,Fukuoka
Kurume,Fukuoka
Omuta,Fukuoka
Nogata,Fukuoka
Tagawa,Fukuoka
Yanagawa,Fukuoka
Yame,Fukuoka
Chikugo,Fukuoka
Okawa,Fukuoka
Yukuhashi,Fukuoka
Buzen,Fukuoka
Nakagawa,Fukuoka
Nakama,Fukuoka
Kitakyushu,Fukuoka
Ogori,Fukuoka
Chikushino,Fukuoka
Kasuga,Fukuoka
Onojo,Fukuoka
Munakata,Fukuoka
Dazaifu,Fukuoka
Koga,Fukuoka
Fukutsu,Fukuoka
Ukiha,Fukuoka
Miyawaka,Fukuoka
Asakura,Fukuoka
Iizuka,Fukuoka
Kama,Fukuoka
Miyama,Fukuoka
Itoshima,Fukuoka
Aizuwakamatsu,Fukushima
Fukushima,Fukushima
Koriyama,Fukushima
Sukagawa,Fukushima
Soma,Fukushima
Iwaki,Fukushima
Tamura,Fukushima
Shirakawa,Fukushima
Nihonmatsu,Fukushima
Minamisoma,Fukushima
Date,Fukushima
Kitakata,Fukushima
Motomiya,Fukushima
Gifu-shi,Gifu
Ogaki,Gifu
Takayama,Gifu
Tajimi,Gifu
Seki,Gifu
Nakatsugawa,Gifu
Mino,Gifu
Mizunami,Gifu
Hashima,Gifu
Minokamo,Gifu
Toki,Gifu
Kakamigahara,Gifu
Kani,Gifu
Yamagata,Gifu
Mizuho,Gifu
Hida,Gifu
Motosu,Gifu
Gujo,Gifu
Gero,Gifu
Ena,Gifu
Kaizu,Gifu
Maebashi,Gunma
Takasaki,Gunma
Kiryu,Gunma
Isesaki,Gunma
Ota,Gunma
Numata,Gunma
Tatebayashi,Gunma
Fujioka,Gunma
Shibukawa,Gunma
Annaka,Gunma
Tomioka,Gunma
Midori,Gunma
Hiroshima,Hiroshima
Onomichi,Hiroshima
Kure,Hiroshima
Fukuyama,Hiroshima
Mihara,Hiroshima
Fuchu,Hiroshima
Miyoshi,Hiroshima
Shobara,Hiroshima
Otake,Hiroshima
Takehara,Hiroshima
Higashihiroshima,Hiroshima
Hatsukaichi,Hiroshima
Akitakata,Hiroshima
Etajima,Hiroshima
Sapporo,Hokkaido
Hakodate,Hokkaido
Otaru,Hokkaido
Asahikawa,Hokkaido
Muroran,Hokkaido
Obihiro,Hokkaido
Yubari,Hokkaido
Iwamizawa,Hokkaido
Abashiri,Hokkaido
Rumoi,Hokkaido
Tomakomai,Hokkaido
Wakkanai,Hokkaido
Bibai,Hokkaido
Ashibetsu,Hokkaido
Ebetsu,Hokkaido
Akabira,Hokkaido
Monbetsu,Hokkaido
Mikasa,Hokkaido
Nemuro,Hokkaido
Chitose,Hokkaido
Takikawa,Hokkaido
Sunagawa,Hokkaido
Utashinai,Hokkaido
Fukagawa,Hokkaido
Furano,Hokkaido
Noboribetsu,Hokkaido
Eniwa,Hokkaido
Date,Hokkaido
Kitahiroshima,Hokkaido
Ishikari,Hokkaido
Shibetsu,Hokkaido
Kushiro,Hokkaido
Hokuto,Hokkaido
Kitami,Hokkaido
Nayoro,Hokkaido
Kobe,Hyogo
Himeji,Hyogo
Amagasaki,Hyogo
Akashi,Hyogo
Nishinomiya-hama,Hyogo
Ashiya,Hyogo
Itami,Hyogo
Aioi,Hyogo
Toyooka,Hyogo
Kakogawa,Hyogo
Ako,Hyogo
Takarazuka,Hyogo
Miki,Hyogo
Takasago,Hyogo
Kawanishi,Hyogo
Ono,Hyogo
Sanda,Hyogo
Kasai,Hyogo
Sasayama,Hyogo
Yabu,Hyogo
Tamba,Hyogo
Minamiawaji,Hyogo
Asago,Hyogo
Awaji,Hyogo
Shiso,Hyogo
Nishiwaki,Hyogo
Tatsuno,Hyogo
Sumoto,Hyogo
Kato,Hyogo
Mito,Ibaraki
Hitachi,Ibaraki
Tsuchiura,Ibaraki
Yuki,Ibaraki
Ryugasaki,Ibaraki
Shimotsuma,Ibaraki
Joso,Ibaraki
Hitachiota,Ibaraki
Takahagi,Ibaraki
Kitaibaraki,Ibaraki
Toride,Ibaraki
Ushiku,Ibaraki
Tsukuba,Ibaraki
Hitachinaka,Ibaraki
Kashima,Ibaraki
Itako,Ibaraki
Moriya,Ibaraki
Hitachiomiya,Ibaraki
Naka,Ibaraki
Bando,Ibaraki
Inashiki,Ibaraki
Chikusei,Ibaraki
Kasumigaura,Ibaraki
Kamisu,Ibaraki
Namegata,Ibaraki
Koga,Ibaraki
Ishioka,Ibaraki
Sakuragawa,Ibaraki
Hokota,Ibaraki
Kasama,Ibaraki
Tsukubamirai,Ibaraki
Omitama,Ibaraki
Kanazawa,Ishikawa
Nonoichi,Ishikawa
Nanao,Ishikawa
Komatsu,Ishikawa
Suzu,Ishikawa
Hakui,Ishikawa
Kahoku,Ishikawa
Hakusan,Ishikawa
Nomi,Ishikawa
Kaga,Ishikawa
Wajima,Ishikawa
Morioka,Iwate
Kamaishi,Iwate
Ofunato,Iwate
Rikuzentakata,Iwate
Kitakami,Iwate
Miyako,Iwate
Hachimantai,Iwate
Ichinoseki,Iwate
Tono,Iwate
Hanamaki,Iwate
Ninohe,Iwate
Oshu,Iwate
Kuji,Iwate
Takizawa,Iwate
Takamatsu,Kagawa
Marugame,Kagawa
Sakaide,Kagawa
Zentsuji,Kagawa
Sanuki,Kagawa
Higashikagawa,Kagawa
Kan'Onji,Kagawa
Mitoyo,Kagawa
Kagoshima,Kagoshima
Kanoya,Kagoshima
Makurazaki,Kagoshima
Akune,Kagoshima
Izumi,Kagoshima
Ibusuki,Kagoshima
Minamisatsuma,Kagoshima
Nishinoomote,Kagoshima
Tarumizu,Kagoshima
Satsumasendai,Kagoshima
Hioki,Kagoshima
Soo,Kagoshima
Ichikikushikino,Kagoshima
Kirishima,Kagoshima
Shibushi,Kagoshima
Amami,Kagoshima
Minamikyushu,Kagoshima
Isa,Kagoshima
Aira,Kagoshima
Yokohama,Kanagawa
Yokosuka,Kanagawa
Kawasaki,Kanagawa
Hiratsuka,Kanagawa
Kamakura,Kanagawa
Fujisawa,Kanagawa
Odawara,Kanagawa
Chigasaki,Kanagawa
Zushi,Kanagawa
Sagamihara,Kanagawa
Miura,Kanagawa
Hadano,Kanagawa
Atsugi,Kanagawa
Yamato,Kanagawa
Isehara,Kanagawa
Ebina,Kanagawa
Zama,Kanagawa
Minamiashigara,Kanagawa
Ayase,Kanagawa
Kochi,Kochi
Sukumo,Kochi
Aki,Kochi
Tosashimizu,Kochi
Susaki,Kochi
Tosa,Kochi
Muroto,Kochi
Nankoku,Kochi
Shimanto,Kochi
Kami,Kochi
Konan,Kochi
Kumamoto,Kumamoto
Yatsushiro,Kumamoto
Hitoyoshi,Kumamoto
Arao,Kumamoto
Minamata,Kumamoto
Tamana,Kumamoto
Yamaga,Kumamoto
Kikuchi,Kumamoto
Uto,Kumamoto
Kami-Amakusa,Kumamoto
Uki,Kumamoto
Aso,Kumamoto
Koshi,Kumamoto
Amakusa,Kumamoto
Kyoto,Kyoto
Fukuchiyama,Kyoto
Maizuru,Kyoto
Ayabe,Kyoto
Uji,Kyoto
Miyazu,Kyoto
Kameoka,Kyoto
Joyo,Kyoto
Muko,Kyoto
Nagaokakyo,Kyoto
Yawata,Kyoto
Kyotanabe,Kyoto
Kyotango,Kyoto
Nantan,Kyoto
Kizugawa,Kyoto
Yokkaichi,Mie
Matsusaka,Mie
Kuwana,Mie
Suzuka,Mie
Nabari,Mie
Owase,Mie
Kameyama,Mie
Toba,Mie
Inabe,Mie
Shima,Mie
Iga,Mie
Ise,Mie
Kumano,Mie
Tsu,Mie
Sendai,Miyagi
Ishinomaki,Miyagi
Shiogama,Miyagi
Shiroishi,Miyagi
Natori,Miyagi
Kakuda,Miyagi
Tagajo,Miyagi
Iwanuma,Miyagi
Tome,Miyagi
Kurihara,Miyagi
Higashimatsushima,Miyagi
Kesennuma,Miyagi
Osaki,Miyagi
Tomiya,Miyagi
Miyazaki,Miyazaki
Miyakonojo,Miyazaki
Nobeoka,Miyazaki
Nichinan,Miyazaki
Kobayashi,Miyazaki
Hyuga,Miyazaki
Kushima,Miyazaki
Saito,Miyazaki
Ebino,Miyazaki
Matsumoto,Nagano
Okaya,Nagano
Suwa,Nagano
Suzaka,Nagano
Komoro,Nagano
Komagane,Nagano
Omachi,Nagano
Iiyama,Nagano
Iida,Nagano
Chino,Nagano
Shiojiri,Nagano
Nagano,Nagano
Chikuma,Nagano
Tomi,Nagano
Nakano,Nagano
Saku,Nagano
Azumino,Nagano
Ueda,Nagano
Ina,Nagano
Nagasaki,Nagasaki
Sasebo,Nagasaki
Shimabara,Nagasaki
Omura,Nagasaki
Tsushima,Nagasaki
Iki,Nagasaki
Goto,Nagasaki
Isahaya,Nagasaki
Saikai,Nagasaki
Hirado,Nagasaki
Unzen,Nagasaki
Matsuura,Nagasaki
Minamishimabara,Nagasaki
Nara-shi,Nara
Yamatotakada,Nara
Yamatokoriyama,Nara
Tenri,Nara
Kashihara,Nara
Sakurai,Nara
Gojo,Nara
Gose,Nara
Ikoma,Nara
Kashiba,Nara
Katsuragi,Nara
Uda,Nara
Niigata,Niigata
Nagaoka,Niigata
Kashiwazaki,Niigata
Shibata,Niigata
Ojiya,Niigata
Kamo,Niigata
Mitsuke,Niigata
Murakami,Niigata
Myoko,Niigata
Joetsu,Niigata
Sado,Niigata
Agano,Niigata
Uonuma,Niigata
Minami-Uonuma,Niigata
Itoigawa,Niigata
Tokamachi,Niigata
Sanjo,Niigata
Tainai,Niigata
Gosen,Niigata
Tsubame,Niigata
Oita,oita
Beppu,oita
Nakatsu,oita
Hita,oita
Saiki,oita
Usuki,oita
Tsukumi,oita
Taketa,oita
Bungotakada,oita
Usa,oita
Bungo-Ono,oita
Kitsuki,oita
Yufu,oita
Kunisaki,oita
Okayama,Okayama
Kurashiki,Okayama
Tsuyama,Okayama
Tamano,Okayama
Kasaoka,Okayama
Ibara,Okayama
Soja,Okayama
Takahashi,Okayama
Niimi,Okayama
Bizen,Okayama
Setouchi,Okayama
Akaiwa,Okayama
Maniwa,Okayama
Mimasaka,Okayama
Asakuchi,Okayama
Naha,Okinawa
Ishigaki,Okinawa
Ginowan,Okinawa
Urasoe,Okinawa
Nago,Okinawa
Itoman,Okinawa
Okinawa,Okinawa
Tomigusuku,Okinawa
Uruma,Okinawa
Miyakojima,Okinawa
Nanjo,Okinawa
Osaka,Osaka
Sakai,Osaka
Kishiwada,Osaka
Toyonaka,Osaka
Ikeda,Osaka
Suita,Osaka
Izumiotsu,Osaka
Takatsuki,Osaka
Kaizuka,Osaka
Moriguchi,Osaka
Hirakata,Osaka
Ibaraki,Osaka
Yao,Osaka
Izumisano,Osaka
Tondabayashi,Osaka
Neyagawa,Osaka
Kawachinagano,Osaka
Matsubara,Osaka
Daito,Osaka
Izumi,Osaka
Minoh,Osaka
Kashiwara,Osaka
Habikino,Osaka
Kadoma,Osaka
Settsu,Osaka
Takaishi,Osaka
Fujiidera,Osaka
Higashiosaka,Osaka
Sennan,Osaka
Shijonawate,Osaka
Katano,Osaka
Osakasayama,Osaka
Hannan,Osaka
Tosu,Saga
Imari,Saga
Kashima,Saga
Taku,Saga
Karatsu,Saga
Ogi,Saga
Saga,Saga
Ureshino,Saga
Takeo,Saga
Kanzaki,Saga
Yono,Saitama
Kawagoe,Saitama
Kawaguchi,Saitama
Gyoda,Saitama
Chichibu,Saitama
Tokorozawa,Saitama
Hanno,Saitama
Kazo,Saitama
Higashimatsuyama,Saitama
Sayama,Saitama
Hanyu,Saitama
Konosu,Saitama
Ageo,Saitama
Soka,Saitama
Koshigaya,Saitama
Warabi,Saitama
Toda,Saitama
Iruma,Saitama
Asaka,Saitama
Shiki,Saitama
Wako,Saitama
Niiza,Saitama
Okegawa,Saitama
Kuki,Saitama
Kitamoto,Saitama
Yashio,Saitama
Fujimi,Saitama
Misato,Saitama
Hasuda,Saitama
Sakado,Saitama
Satte,Saitama
Tsurugashima,Saitama
Hidaka,Saitama
Yoshikawa,Saitama
Saitama,Saitama
Kumagaya,Saitama
Kasukabe,Saitama
Fujimino,Saitama
Fukaya,Saitama
Honjo,Saitama
Shiraoka,Saitama
Otsu,Shiga
Hikone,Shiga
Kusatsu,Shiga
Moriyama,Shiga
Ritto,Shiga
Koka,Shiga
Yasu,Shiga
Konan,Shiga
Takashima,Shiga
Higashiomi,Shiga
Maibara,Shiga
Nagahama,Shiga
Omihachiman,Shiga
Matsue,Shimane
Izumo,Shimane
Masuda,Shimane
Yasugi,Shimane
Gotsu,Shimane
Unnan,Shimane
Hamada,Shimane
Oda,Shimane
Shizuoka,Shizuoka
Hamamatsu,Shizuoka
Numazu,Shizuoka
Atami,Shizuoka
Mishima,Shizuoka
Fujinomiya,Shizuoka
Ito,Shizuoka
Shimada,Shizuoka
Iwata,Shizuoka
Yaizu,Shizuoka
Kakegawa,Shizuoka
Fujieda,Shizuoka
Gotenba,Shizuoka
Fukuroi,Shizuoka
Fuji,Shizuoka
Shimoda,Shizuoka
Susono,Shizuoka
Kosai,Shizuoka
Izu,Shizuoka
Omaezaki,Shizuoka
Kikugawa,Shizuoka
Izunokuni,Shizuoka
Makinohara,Shizuoka
Utsunomiya,Tochigi
Ashikaga,Tochigi
Tochigi,Tochigi
Kanuma,Tochigi
Oyama,Tochigi
Mooka,Tochigi
Otawara,Tochigi
Yaita,Tochigi
Nasushiobara,Tochigi
Sano,Tochigi
Sakura,Tochigi
Nasukarasuyama,Tochigi
Shimotsuke,Tochigi
Nikko,Tochigi
Tokushima,Tokushima
Naruto,Tokushima
Komatsushima,Tokushima
Anan,Tokushima
Yoshinogawa,Tokushima
Mima,Tokushima
Awa,Tokushima
Miyoshi,Tokushima
Tokyo,Tokyo
Hachioji,Tokyo
Tachikawa,Tokyo
Musashino,Tokyo
Mitaka,Tokyo
Ome,Tokyo
Fuchu,Tokyo
Akishima,Tokyo
Chofu,Tokyo
Machida,Tokyo
Koganei,Tokyo
Kodaira,Tokyo
Hino,Tokyo
Higashimurayama,Tokyo
Kokubunji,Tokyo
Kunitachi,Tokyo
Fussa,Tokyo
Komae,Tokyo
Higashiyamato,Tokyo
Kiyose,Tokyo
Higashikurume,Tokyo
Musashimurayama,Tokyo
Tama,Tokyo
Inagi,Tokyo
Hamura,Tokyo
Akiruno,Tokyo
Nishitokyo,Tokyo
Special Wards Of Tokyo,Tokyo
Adachi,Tokyo
Arakawa,Tokyo
Bunkyo,Tokyo
Chiyoda,Tokyo
Chuo,Tokyo
Edogawa,Tokyo
Itabashi,Tokyo
Katsushika,Tokyo
Kita,Tokyo
Koto,Tokyo
Meguro,Tokyo
Minato,Tokyo
Nakano,Tokyo
Nerima,Tokyo
Ota,Tokyo
Setagaya,Tokyo
Shibuya,Tokyo
Shinagawa,Tokyo
Shinjuku,Tokyo
Suginami,Tokyo
Sumida,Tokyo
Taito,Tokyo
Toshima,Tokyo
Tottori,Tottori
Yonago,Tottori
Kurayoshi,Tottori
Sakaiminato,Tottori
Toyama,Toyama
Uozu,Toyama
Himi,Toyama
Namerikawa,Toyama
Tonami,Toyama
Oyabe,Toyama
Nanto,Toyama
Takaoka,Toyama
Imizu,Toyama
Kurobe,Toyama
Wakayama,Wakayama
Kainan,Wakayama
Tanabe,Wakayama
Gobo,Wakayama
Arida,Wakayama
Shingu,Wakayama
Kinokawa,Wakayama
Hashimoto,Wakayama
Iwade,Wakayama
Yamagata,Yamagata
Yonezawa,Yamagata
Shinjo,Yamagata
Sagae,Yamagata
Kaminoyama,Yamagata
Murayama,Yamagata
Nagai,Yamagata
Tendo,Yamagata
Higashine,Yamagata
Obanazawa,Yamagata
Nan'Yo,Yamagata
Tsuruoka,Yamagata
Sakata,Yamagata
Ube,Yamaguchi
Hofu,Yamaguchi
Kudamatsu,Yamaguchi
Shunan,Yamaguchi
Hikari,Yamaguchi
Shimonoseki,Yamaguchi
Yanai,Yamaguchi
Hagi,Yamaguchi
Nagato,Yamaguchi
San'Yo-Onoda,Yamaguchi
Yamaguchi,Yamaguchi
Iwakuni,Yamaguchi
Mine,Yamaguchi
Kofu,Yamanashi
Fujiyoshida,Yamanashi
Tsuru,Yamanashi
Otsuki,Yamanashi
Nirasaki,Yamanashi
Minami-Alps,Yamanashi
Kai,Yamanashi
Fuefuki,Yamanashi
Hokuto,Yamanashi
Uenohara,Yamanashi
Yamanashi,Yamanashi
Koshu,Yamanashi
Chuo,Yamanashi
